onnx/sat_v11_c45_k0.onnx,vnnlib/sat_v11_c45_k0.vnnlib,100
onnx/unsat_v11_c45_k1.onnx,vnnlib/unsat_v11_c45_k1.vnnlib,100
onnx/sat_v71_c565_k2.onnx,vnnlib/sat_v71_c565_k2.vnnlib,100
onnx/unsat_v71_c565_k3.onnx,vnnlib/unsat_v71_c565_k3.vnnlib,100
onnx/sat_v29_c213_k4.onnx,vnnlib/sat_v29_c213_k4.vnnlib,100
onnx/unsat_v29_c216_k5.onnx,vnnlib/unsat_v29_c216_k5.vnnlib,100
onnx/sat_v93_c621_k6.onnx,vnnlib/sat_v93_c621_k6.vnnlib,100
onnx/unsat_v93_c621_k7.onnx,vnnlib/unsat_v93_c621_k7.vnnlib,100
onnx/sat_v25_c208_k8.onnx,vnnlib/sat_v25_c208_k8.vnnlib,100
onnx/unsat_v25_c208_k9.onnx,vnnlib/unsat_v25_c208_k9.vnnlib,100
onnx/sat_v10_c55_k10.onnx,vnnlib/sat_v10_c55_k10.vnnlib,100
onnx/unsat_v10_c56_k11.onnx,vnnlib/unsat_v10_c56_k11.vnnlib,100
onnx/sat_v56_c490_k12.onnx,vnnlib/sat_v56_c490_k12.vnnlib,100
onnx/unsat_v56_c490_k13.onnx,vnnlib/unsat_v56_c490_k13.vnnlib,100
onnx/sat_v37_c252_k14.onnx,vnnlib/sat_v37_c252_k14.vnnlib,100
onnx/unsat_v37_c252_k15.onnx,vnnlib/unsat_v37_c252_k15.vnnlib,100
onnx/sat_v12_c85_k16.onnx,vnnlib/sat_v12_c85_k16.vnnlib,100
onnx/unsat_v12_c86_k17.onnx,vnnlib/unsat_v12_c86_k17.vnnlib,100
onnx/sat_v14_c23_k18.onnx,vnnlib/sat_v14_c23_k18.vnnlib,100
onnx/unsat_v14_c23_k19.onnx,vnnlib/unsat_v14_c23_k19.vnnlib,100
onnx/sat_v100_c505_k20.onnx,vnnlib/sat_v100_c505_k20.vnnlib,100
onnx/unsat_v100_c505_k21.onnx,vnnlib/unsat_v100_c505_k21.vnnlib,100
onnx/sat_v91_c560_k22.onnx,vnnlib/sat_v91_c560_k22.vnnlib,100
onnx/unsat_v91_c560_k23.onnx,vnnlib/unsat_v91_c560_k23.vnnlib,100
onnx/sat_v32_c226_k24.onnx,vnnlib/sat_v32_c226_k24.vnnlib,100
onnx/unsat_v32_c226_k25.onnx,vnnlib/unsat_v32_c226_k25.vnnlib,100
onnx/sat_v58_c373_k26.onnx,vnnlib/sat_v58_c373_k26.vnnlib,100
onnx/unsat_v58_c373_k27.onnx,vnnlib/unsat_v58_c373_k27.vnnlib,100
onnx/sat_v76_c284_k28.onnx,vnnlib/sat_v76_c284_k28.vnnlib,100
onnx/unsat_v76_c284_k29.onnx,vnnlib/unsat_v76_c284_k29.vnnlib,100
onnx/sat_v72_c383_k30.onnx,vnnlib/sat_v72_c383_k30.vnnlib,100
onnx/unsat_v72_c383_k31.onnx,vnnlib/unsat_v72_c383_k31.vnnlib,100
onnx/sat_v100_c649_k32.onnx,vnnlib/sat_v100_c649_k32.vnnlib,100
onnx/unsat_v100_c649_k33.onnx,vnnlib/unsat_v100_c649_k33.vnnlib,100
onnx/sat_v97_c736_k34.onnx,vnnlib/sat_v97_c736_k34.vnnlib,100
onnx/unsat_v97_c736_k35.onnx,vnnlib/unsat_v97_c736_k35.vnnlib,100
onnx/sat_v33_c282_k36.onnx,vnnlib/sat_v33_c282_k36.vnnlib,100
onnx/unsat_v33_c282_k37.onnx,vnnlib/unsat_v33_c282_k37.vnnlib,100
onnx/sat_v64_c275_k38.onnx,vnnlib/sat_v64_c275_k38.vnnlib,100
onnx/unsat_v64_c275_k39.onnx,vnnlib/unsat_v64_c275_k39.vnnlib,100
onnx/sat_v98_c359_k40.onnx,vnnlib/sat_v98_c359_k40.vnnlib,100
onnx/unsat_v98_c359_k41.onnx,vnnlib/unsat_v98_c359_k41.vnnlib,100
onnx/sat_v81_c424_k42.onnx,vnnlib/sat_v81_c424_k42.vnnlib,100
onnx/unsat_v81_c424_k43.onnx,vnnlib/unsat_v81_c424_k43.vnnlib,100
onnx/sat_v81_c649_k44.onnx,vnnlib/sat_v81_c649_k44.vnnlib,100
onnx/unsat_v81_c649_k45.onnx,vnnlib/unsat_v81_c649_k45.vnnlib,100
onnx/sat_v81_c685_k46.onnx,vnnlib/sat_v81_c685_k46.vnnlib,100
onnx/unsat_v81_c685_k47.onnx,vnnlib/unsat_v81_c685_k47.vnnlib,100
onnx/sat_v90_c839_k48.onnx,vnnlib/sat_v90_c839_k48.vnnlib,100
onnx/unsat_v90_c839_k49.onnx,vnnlib/unsat_v90_c839_k49.vnnlib,100
onnx/sat_v96_c673_k50.onnx,vnnlib/sat_v96_c673_k50.vnnlib,100
onnx/unsat_v96_c673_k51.onnx,vnnlib/unsat_v96_c673_k51.vnnlib,100
onnx/sat_v81_c423_k52.onnx,vnnlib/sat_v81_c423_k52.vnnlib,100
onnx/unsat_v81_c423_k53.onnx,vnnlib/unsat_v81_c423_k53.vnnlib,100
onnx/sat_v77_c147_k54.onnx,vnnlib/sat_v77_c147_k54.vnnlib,100
onnx/unsat_v77_c147_k55.onnx,vnnlib/unsat_v77_c147_k55.vnnlib,100
onnx/sat_v61_c587_k56.onnx,vnnlib/sat_v61_c587_k56.vnnlib,100
onnx/unsat_v61_c587_k57.onnx,vnnlib/unsat_v61_c587_k57.vnnlib,100
onnx/sat_v29_c240_k58.onnx,vnnlib/sat_v29_c240_k58.vnnlib,100
onnx/unsat_v29_c242_k59.onnx,vnnlib/unsat_v29_c242_k59.vnnlib,100
onnx/sat_v95_c345_k60.onnx,vnnlib/sat_v95_c345_k60.vnnlib,100
onnx/unsat_v95_c345_k61.onnx,vnnlib/unsat_v95_c345_k61.vnnlib,100
onnx/sat_v25_c81_k62.onnx,vnnlib/sat_v25_c81_k62.vnnlib,100
onnx/unsat_v25_c81_k63.onnx,vnnlib/unsat_v25_c81_k63.vnnlib,100
onnx/sat_v50_c495_k64.onnx,vnnlib/sat_v50_c495_k64.vnnlib,100
onnx/unsat_v50_c495_k65.onnx,vnnlib/unsat_v50_c495_k65.vnnlib,100
onnx/sat_v56_c123_k66.onnx,vnnlib/sat_v56_c123_k66.vnnlib,100
onnx/unsat_v56_c123_k67.onnx,vnnlib/unsat_v56_c123_k67.vnnlib,100
onnx/sat_v10_c72_k68.onnx,vnnlib/sat_v10_c72_k68.vnnlib,100
onnx/unsat_v10_c73_k69.onnx,vnnlib/unsat_v10_c73_k69.vnnlib,100
onnx/sat_v72_c259_k70.onnx,vnnlib/sat_v72_c259_k70.vnnlib,100
onnx/unsat_v72_c259_k71.onnx,vnnlib/unsat_v72_c259_k71.vnnlib,100
onnx/sat_v8_c41_k72.onnx,vnnlib/sat_v8_c41_k72.vnnlib,100
onnx/unsat_v8_c41_k73.onnx,vnnlib/unsat_v8_c41_k73.vnnlib,100
onnx/sat_v16_c54_k74.onnx,vnnlib/sat_v16_c54_k74.vnnlib,100
onnx/unsat_v16_c54_k75.onnx,vnnlib/unsat_v16_c54_k75.vnnlib,100
onnx/sat_v79_c306_k76.onnx,vnnlib/sat_v79_c306_k76.vnnlib,100
onnx/unsat_v79_c306_k77.onnx,vnnlib/unsat_v79_c306_k77.vnnlib,100
onnx/sat_v83_c666_k78.onnx,vnnlib/sat_v83_c666_k78.vnnlib,100
onnx/unsat_v83_c666_k79.onnx,vnnlib/unsat_v83_c666_k79.vnnlib,100
onnx/sat_v34_c245_k80.onnx,vnnlib/sat_v34_c245_k80.vnnlib,100
onnx/unsat_v34_c247_k81.onnx,vnnlib/unsat_v34_c247_k81.vnnlib,100
onnx/sat_v7_c49_k82.onnx,vnnlib/sat_v7_c49_k82.vnnlib,100
onnx/unsat_v7_c52_k83.onnx,vnnlib/unsat_v7_c52_k83.vnnlib,100
onnx/sat_v65_c466_k84.onnx,vnnlib/sat_v65_c466_k84.vnnlib,100
onnx/unsat_v65_c466_k85.onnx,vnnlib/unsat_v65_c466_k85.vnnlib,100
onnx/sat_v12_c103_k86.onnx,vnnlib/sat_v12_c103_k86.vnnlib,100
onnx/unsat_v12_c104_k87.onnx,vnnlib/unsat_v12_c104_k87.vnnlib,100
onnx/sat_v97_c444_k88.onnx,vnnlib/sat_v97_c444_k88.vnnlib,100
onnx/unsat_v97_c444_k89.onnx,vnnlib/unsat_v97_c444_k89.vnnlib,100
onnx/sat_v99_c762_k90.onnx,vnnlib/sat_v99_c762_k90.vnnlib,100
onnx/unsat_v99_c762_k91.onnx,vnnlib/unsat_v99_c762_k91.vnnlib,100
onnx/sat_v66_c94_k92.onnx,vnnlib/sat_v66_c94_k92.vnnlib,100
onnx/unsat_v66_c94_k93.onnx,vnnlib/unsat_v66_c94_k93.vnnlib,100
onnx/sat_v53_c305_k94.onnx,vnnlib/sat_v53_c305_k94.vnnlib,100
onnx/unsat_v53_c305_k95.onnx,vnnlib/unsat_v53_c305_k95.vnnlib,100
onnx/sat_v67_c162_k96.onnx,vnnlib/sat_v67_c162_k96.vnnlib,100
onnx/unsat_v67_c162_k97.onnx,vnnlib/unsat_v67_c162_k97.vnnlib,100
onnx/sat_v95_c133_k98.onnx,vnnlib/sat_v95_c133_k98.vnnlib,100
onnx/unsat_v95_c133_k99.onnx,vnnlib/unsat_v95_c133_k99.vnnlib,100
